{"name":"ShortPixel\/Plugin","description":"ShortPixel AutoLoader","type":"function","autoload":{"psr-4":{"ShortPixel":"class"},"files":["class\/wp-shortpixel-settings.php","class\/front\/img-to-picture-webp.php","class\/external\/cloudflare.php","class\/external\/nextgen\/nextGenController.php","class\/external\/nextgen\/nextGenViewController.php","class\/external\/visualcomposer.php","class\/external\/offload\/Offloader.php","class\/external\/offload\/wp-offload-media.php","class\/external\/offload\/virtual-filesystem.php","class\/external\/wp-cli\/wp-cli-base.php","class\/external\/wp-cli\/wp-cli-single.php","class\/external\/wp-cli\/wp-cli-bulk.php","class\/external\/image-galleries.php","class\/external\/pantheon.php","class\/external\/spai.php","class\/external\/cache.php","class\/external\/uncode.php","class\/external\/query-monitor.php","class\/external\/Woocommerce.php","class\/external\/themes\/total-theme.php","class\/external\/MediaFileRenamer.php"]}}